{
  "Profiles": [
    {
      "Name": "Default",
      "Guid": "A1B2C3D4-5678-9012-ABCD-DOTFILES0001",
      "Dynamic Profile Parent Name": "Default",
      "Ansi 0 Color": {
        "Red Component": 0.1411764705882353,
        "Green Component": 0.1607843137254902,
        "Blue Component": 0.1803921568627451,
        "Alpha Component": 1.0,
        "Color Space": "sRGB"
      },
      "Ansi 1 Color": {
        "Red Component": 0.9764705882352941,
        "Green Component": 0.4588235294117647,
        "Blue Component": 0.5137254901960784,
        "Alpha Component": 1.0,
        "Color Space": "sRGB"
      },
      "Ansi 2 Color": {
        "Red Component": 0.5215686274509804,
        "Green Component": 0.9098039215686274,
        "Blue Component": 0.615686274509804,
        "Alpha Component": 1.0,
        "Color Space": "sRGB"
      },
      "Ansi 3 Color": {
        "Red Component": 1.0,
        "Green Component": 0.9176470588235294,
        "Blue Component": 0.4980392156862745,
        "Alpha Component": 1.0,
        "Color Space": "sRGB"
      },
      "Ansi 4 Color": {
        "Red Component": 0.4745098039215686,
        "Green Component": 0.7215686274509804,
        "Blue Component": 1.0,
        "Alpha Component": 1.0,
        "Color Space": "sRGB"
      },
      "Ansi 5 Color": {
        "Red Component": 0.7019607843137254,
        "Green Component": 0.5725490196078431,
        "Blue Component": 0.9411764705882353,
        "Alpha Component": 1.0,
        "Color Space": "sRGB"
      },
      "Ansi 6 Color": {
        "Red Component": 0.45098039215686275,
        "Green Component": 0.8901960784313725,
        "Blue Component": 1.0,
        "Alpha Component": 1.0,
        "Color Space": "sRGB"
      },
      "Ansi 7 Color": {
        "Red Component": 0.9647058823529412,
        "Green Component": 0.9725490196078431,
        "Blue Component": 0.9803921568627451,
        "Alpha Component": 1.0,
        "Color Space": "sRGB"
      },
      "Ansi 8 Color": {
        "Red Component": 0.5843137254901961,
        "Green Component": 0.615686274509804,
        "Blue Component": 0.6470588235294118,
        "Alpha Component": 1.0,
        "Color Space": "sRGB"
      },
      "Ansi 9 Color": {
        "Red Component": 0.9764705882352941,
        "Green Component": 0.4588235294117647,
        "Blue Component": 0.5137254901960784,
        "Alpha Component": 1.0,
        "Color Space": "sRGB"
      },
      "Ansi 10 Color": {
        "Red Component": 0.5215686274509804,
        "Green Component": 0.9098039215686274,
        "Blue Component": 0.615686274509804,
        "Alpha Component": 1.0,
        "Color Space": "sRGB"
      },
      "Ansi 11 Color": {
        "Red Component": 1.0,
        "Green Component": 0.9176470588235294,
        "Blue Component": 0.4980392156862745,
        "Alpha Component": 1.0,
        "Color Space": "sRGB"
      },
      "Ansi 12 Color": {
        "Red Component": 0.4745098039215686,
        "Green Component": 0.7215686274509804,
        "Blue Component": 1.0,
        "Alpha Component": 1.0,
        "Color Space": "sRGB"
      },
      "Ansi 13 Color": {
        "Red Component": 0.7019607843137254,
        "Green Component": 0.5725490196078431,
        "Blue Component": 0.9411764705882353,
        "Alpha Component": 1.0,
        "Color Space": "sRGB"
      },
      "Ansi 14 Color": {
        "Red Component": 0.45098039215686275,
        "Green Component": 0.8901960784313725,
        "Blue Component": 1.0,
        "Alpha Component": 1.0,
        "Color Space": "sRGB"
      },
      "Ansi 15 Color": {
        "Red Component": 0.9647058823529412,
        "Green Component": 0.9725490196078431,
        "Blue Component": 0.9803921568627451,
        "Alpha Component": 1.0,
        "Color Space": "sRGB"
      },
      "Background Color": {
        "Red Component": 0.1411764705882353,
        "Green Component": 0.1607843137254902,
        "Blue Component": 0.1803921568627451,
        "Alpha Component": 1.0,
        "Color Space": "sRGB"
      },
      "Foreground Color": {
        "Red Component": 0.9647058823529412,
        "Green Component": 0.9725490196078431,
        "Blue Component": 0.9803921568627451,
        "Alpha Component": 1.0,
        "Color Space": "sRGB"
      },
      "Bold Color": {
        "Red Component": 0.9647058823529412,
        "Green Component": 0.9725490196078431,
        "Blue Component": 0.9803921568627451,
        "Alpha Component": 1.0,
        "Color Space": "sRGB"
      },
      "Cursor Color": {
        "Red Component": 0.5215686274509804,
        "Green Component": 0.9098039215686274,
        "Blue Component": 0.615686274509804,
        "Alpha Component": 1.0,
        "Color Space": "sRGB"
      },
      "Cursor Text Color": {
        "Red Component": 0.1411764705882353,
        "Green Component": 0.1607843137254902,
        "Blue Component": 0.1803921568627451,
        "Alpha Component": 1.0,
        "Color Space": "sRGB"
      },
      "Cursor Guide Color": {
        "Red Component": 0.1843137254901961,
        "Green Component": 0.21176470588235294,
        "Blue Component": 0.23921568627450981,
        "Alpha Component": 1.0,
        "Color Space": "sRGB"
      },
      "Selection Color": {
        "Red Component": 0.7843137254901961,
        "Green Component": 0.7843137254901961,
        "Blue Component": 0.9803921568627451,
        "Alpha Component": 0.14509804546833038,
        "Color Space": "sRGB"
      },
      "Selected Text Color": {
        "Red Component": 0.1411764705882353,
        "Green Component": 0.1607843137254902,
        "Blue Component": 0.1803921568627451,
        "Alpha Component": 1.0,
        "Color Space": "sRGB"
      },
      "Badge Color": {
        "Red Component": 0.7019607843137254,
        "Green Component": 0.5725490196078431,
        "Blue Component": 0.9411764705882353,
        "Alpha Component": 0.5,
        "Color Space": "sRGB"
      },
      "Link Color": {
        "Red Component": 0.4745098039215686,
        "Green Component": 0.7215686274509804,
        "Blue Component": 1.0,
        "Alpha Component": 1.0,
        "Color Space": "sRGB"
      },
      "Match Background Color": {
        "Red Component": 0.996078431372549,
        "Green Component": 0.984313725490196,
        "Blue Component": 0.3215686274509804,
        "Alpha Component": 1.0,
        "Color Space": "sRGB"
      }
    }
  ]
}
