{
  "Profiles": [
    {
      "Name": "Default",
      "Guid": "A1B2C3D4-5678-9012-ABCD-DOTFILES0001",
      "Dynamic Profile Parent Name": "Default",
      "Ansi 0 Color": {
        "Red Component": 0.10588235294117647,
        "Green Component": 0.11764705882352941,
        "Blue Component": 0.1568627450980392,
        "Alpha Component": 1.0,
        "Color Space": "sRGB"
      },
      "Ansi 1 Color": {
        "Red Component": 0.8156862745098039,
        "Green Component": 0.403921568627451,
        "Blue Component": 0.615686274509804,
        "Alpha Component": 1.0,
        "Color Space": "sRGB"
      },
      "Ansi 2 Color": {
        "Red Component": 0.36470588235294116,
        "Green Component": 0.8941176470588236,
        "Blue Component": 0.7803921568627451,
        "Alpha Component": 1.0,
        "Color Space": "sRGB"
      },
      "Ansi 3 Color": {
        "Red Component": 1.0,
        "Green Component": 0.9803921568627451,
        "Blue Component": 0.7607843137254902,
        "Alpha Component": 1.0,
        "Color Space": "sRGB"
      },
      "Ansi 4 Color": {
        "Red Component": 0.5372549019607843,
        "Green Component": 0.8666666666666667,
        "Blue Component": 1.0,
        "Alpha Component": 1.0,
        "Color Space": "sRGB"
      },
      "Ansi 5 Color": {
        "Red Component": 0.9411764705882353,
        "Green Component": 0.5294117647058824,
        "Blue Component": 0.7411764705882353,
        "Alpha Component": 1.0,
        "Color Space": "sRGB"
      },
      "Ansi 6 Color": {
        "Red Component": 0.5372549019607843,
        "Green Component": 0.8666666666666667,
        "Blue Component": 1.0,
        "Alpha Component": 1.0,
        "Color Space": "sRGB"
      },
      "Ansi 7 Color": {
        "Red Component": 1.0,
        "Green Component": 1.0,
        "Blue Component": 1.0,
        "Alpha Component": 1.0,
        "Color Space": "sRGB"
      },
      "Ansi 8 Color": {
        "Red Component": 0.6509803921568628,
        "Green Component": 0.6745098039215687,
        "Blue Component": 0.803921568627451,
        "Alpha Component": 1.0,
        "Color Space": "sRGB"
      },
      "Ansi 9 Color": {
        "Red Component": 0.8156862745098039,
        "Green Component": 0.403921568627451,
        "Blue Component": 0.615686274509804,
        "Alpha Component": 1.0,
        "Color Space": "sRGB"
      },
      "Ansi 10 Color": {
        "Red Component": 0.36470588235294116,
        "Green Component": 0.8941176470588236,
        "Blue Component": 0.7803921568627451,
        "Alpha Component": 1.0,
        "Color Space": "sRGB"
      },
      "Ansi 11 Color": {
        "Red Component": 1.0,
        "Green Component": 0.9803921568627451,
        "Blue Component": 0.7607843137254902,
        "Alpha Component": 1.0,
        "Color Space": "sRGB"
      },
      "Ansi 12 Color": {
        "Red Component": 0.6784313725490196,
        "Green Component": 0.8431372549019608,
        "Blue Component": 1.0,
        "Alpha Component": 1.0,
        "Color Space": "sRGB"
      },
      "Ansi 13 Color": {
        "Red Component": 0.9411764705882353,
        "Green Component": 0.5294117647058824,
        "Blue Component": 0.7411764705882353,
        "Alpha Component": 1.0,
        "Color Space": "sRGB"
      },
      "Ansi 14 Color": {
        "Red Component": 0.6784313725490196,
        "Green Component": 0.8431372549019608,
        "Blue Component": 1.0,
        "Alpha Component": 1.0,
        "Color Space": "sRGB"
      },
      "Ansi 15 Color": {
        "Red Component": 1.0,
        "Green Component": 1.0,
        "Blue Component": 1.0,
        "Alpha Component": 1.0,
        "Color Space": "sRGB"
      },
      "Background Color": {
        "Red Component": 0.10588235294117647,
        "Green Component": 0.11764705882352941,
        "Blue Component": 0.1568627450980392,
        "Alpha Component": 1.0,
        "Color Space": "sRGB"
      },
      "Foreground Color": {
        "Red Component": 0.8941176470588236,
        "Green Component": 0.9411764705882353,
        "Blue Component": 0.984313725490196,
        "Alpha Component": 1.0,
        "Color Space": "sRGB"
      },
      "Bold Color": {
        "Red Component": 1.0,
        "Green Component": 1.0,
        "Blue Component": 1.0,
        "Alpha Component": 1.0,
        "Color Space": "sRGB"
      },
      "Cursor Color": {
        "Red Component": 0.36470588235294116,
        "Green Component": 0.8941176470588236,
        "Blue Component": 0.7803921568627451,
        "Alpha Component": 1.0,
        "Color Space": "sRGB"
      },
      "Cursor Text Color": {
        "Red Component": 0.10588235294117647,
        "Green Component": 0.11764705882352941,
        "Blue Component": 0.1568627450980392,
        "Alpha Component": 1.0,
        "Color Space": "sRGB"
      },
      "Cursor Guide Color": {
        "Red Component": 0.18823529411764706,
        "Green Component": 0.2,
        "Blue Component": 0.25098039215686274,
        "Alpha Component": 1.0,
        "Color Space": "sRGB"
      },
      "Selection Color": {
        "Red Component": 0.44313725490196076,
        "Green Component": 0.48627450980392156,
        "Blue Component": 0.7058823529411765,
        "Alpha Component": 0.14509804546833038,
        "Color Space": "sRGB"
      },
      "Selected Text Color": {
        "Red Component": 0.8941176470588236,
        "Green Component": 0.9411764705882353,
        "Blue Component": 0.984313725490196,
        "Alpha Component": 1.0,
        "Color Space": "sRGB"
      },
      "Badge Color": {
        "Red Component": 0.9411764705882353,
        "Green Component": 0.5294117647058824,
        "Blue Component": 0.7411764705882353,
        "Alpha Component": 0.5,
        "Color Space": "sRGB"
      },
      "Link Color": {
        "Red Component": 0.6784313725490196,
        "Green Component": 0.8431372549019608,
        "Blue Component": 1.0,
        "Alpha Component": 1.0,
        "Color Space": "sRGB"
      },
      "Match Background Color": {
        "Red Component": 1.0,
        "Green Component": 0.9803921568627451,
        "Blue Component": 0.7607843137254902,
        "Alpha Component": 1.0,
        "Color Space": "sRGB"
      }
    }
  ]
}
